,PC1,PC2,dataset
0,-0.0727306732607,0.228555700589,mhe_zhang
1,-0.257600037131,-0.194099660771,mhe_zhang
2,-0.251020431451,0.177128569812,mhe_zhang
3,-0.578427394764,0.0837197395437,mhe_zhang
4,-0.53183984491,0.0461098977762,mhe_zhang
5,-0.687772916221,0.0984044425508,mhe_zhang
6,-0.634731441363,0.106407287299,mhe_zhang
7,0.666628437477,-0.311196567662,mhe_zhang
8,-0.610096244553,0.115190192523,mhe_zhang
9,-0.405857630996,-0.121460996466,mhe_zhang
10,0.345633113269,-0.285106230328,mhe_zhang
11,-0.165314536144,0.00658678551874,mhe_zhang
12,-0.176100115974,0.2105707688,mhe_zhang
13,-0.346436948161,-0.122767910997,mhe_zhang
14,-0.393241312236,0.117866544203,mhe_zhang
15,-0.187342125506,-0.0803824287877,mhe_zhang
16,-0.0141968851641,-0.210183247996,mhe_zhang
17,-0.295232611013,0.193692576287,mhe_zhang
18,0.202816094113,0.0941082046453,mhe_zhang
19,-0.417416556327,-0.0396862921645,mhe_zhang
20,-0.00232527011012,-0.628725455499,mhe_zhang
21,-0.567223303951,0.09559183725,mhe_zhang
22,0.733570650772,-0.0436434465664,mhe_zhang
23,-0.448763282425,0.0236457248419,mhe_zhang
24,-0.565691000848,0.111830193803,mhe_zhang
25,0.21049835226,-0.0317317296442,hiv_noguerajulian
26,0.280351375941,0.0328073136299,hiv_noguerajulian
27,0.511409672697,0.0950630575721,hiv_noguerajulian
28,0.144237310719,0.217757255637,hiv_noguerajulian
29,-0.268742660712,0.0540692760726,hiv_noguerajulian
30,-0.211710865788,0.0390052298908,hiv_noguerajulian
31,0.401316539095,0.062230386282,hiv_noguerajulian
32,0.364523337562,0.0665238959609,hiv_noguerajulian
33,0.301037566052,0.0304047157932,hiv_noguerajulian
34,0.358867328819,0.145712822402,hiv_noguerajulian
35,-0.186947039294,-0.160108300521,hiv_noguerajulian
36,0.489733892005,0.0846037814256,hiv_noguerajulian
37,0.315989114158,0.0391611462607,hiv_noguerajulian
38,0.401393784452,0.00782286853065,hiv_noguerajulian
39,0.390350821417,0.0665570683678,hiv_noguerajulian
40,0.35550748626,0.0473054964749,hiv_noguerajulian
41,0.410749111803,0.0247706613347,hiv_noguerajulian
42,0.583107110442,0.112513693696,hiv_noguerajulian
43,0.520634791133,0.10339605595,hiv_noguerajulian
44,0.525320112511,0.0404066314833,hiv_noguerajulian
45,0.322699195869,0.0517830298116,hiv_noguerajulian
46,0.479850230278,-0.0813742658051,hiv_noguerajulian
47,0.290400696244,0.0313090566568,hiv_noguerajulian
48,0.403406649718,0.0173659114262,hiv_noguerajulian
49,0.273278126682,-0.0521705586304,hiv_noguerajulian
50,0.148544795774,-0.258600847223,hiv_noguerajulian
51,0.17639123464,-0.198877984323,hiv_noguerajulian
52,0.307949464427,0.0189851854535,hiv_noguerajulian
53,0.0383287880271,-0.00487249581079,hiv_noguerajulian
54,0.396426420572,0.0578592537235,hiv_noguerajulian
55,-0.138009842017,0.0239728254483,hiv_noguerajulian
56,0.545763466027,0.0991868881055,hiv_noguerajulian
57,0.596191089764,0.165963981047,hiv_noguerajulian
58,0.428690153825,0.0735118600241,hiv_noguerajulian
59,-0.14086712145,0.127124261335,hiv_lozupone
60,0.600116972005,0.152792867395,hiv_lozupone
61,-0.0751045010272,0.177210009932,hiv_lozupone
62,-0.138356098355,-0.177366551038,hiv_lozupone
63,-0.245158798217,0.0498215213934,hiv_lozupone
64,-0.0189534705554,-0.162585361438,hiv_lozupone
65,-0.0119534427864,-0.521505219711,hiv_lozupone
66,0.627004550747,-0.125676469791,hiv_lozupone
67,-0.149280825927,-0.109608822952,hiv_lozupone
68,0.162290990451,0.143753995368,hiv_lozupone
69,-0.0963798358367,0.191937712011,hiv_lozupone
70,-0.291148020464,0.00669360905791,hiv_lozupone
71,0.154975150318,0.011218953484,hiv_lozupone
72,-0.587039201335,0.0569547772676,t1d_alkanani
73,-0.0766981345758,0.244144635931,t1d_alkanani
74,-0.347652986239,-0.0671320260645,t1d_alkanani
75,-0.637760949988,0.0666546419505,t1d_alkanani
76,-0.602164458576,0.128022987948,t1d_alkanani
77,-0.664723185857,0.123935883832,t1d_alkanani
78,-0.499925045288,0.274673768425,t1d_alkanani
79,-0.640261434251,0.0838480117234,t1d_alkanani
80,-0.421533391478,0.218229347058,t1d_alkanani
81,-0.519874536225,0.105639488601,t1d_alkanani
82,-0.441843893408,-0.0295386916948,t1d_alkanani
83,-0.71256996635,0.154635710128,t1d_alkanani
84,-0.602030696249,0.0702574393594,t1d_alkanani
85,-0.61149214256,0.0592415536485,t1d_alkanani
86,-0.585607168162,0.0916654641551,t1d_alkanani
87,-0.71907574328,0.157038753161,t1d_alkanani
88,-0.735437766078,0.0799859641952,t1d_alkanani
89,-0.500089793383,0.1582251473,t1d_alkanani
90,-0.729961907163,0.158683665396,t1d_alkanani
91,-0.0414120860087,0.630853445878,t1d_alkanani
92,-0.45969835787,0.136868713631,t1d_alkanani
93,-0.641260788023,0.114789771175,t1d_alkanani
94,-0.662351306317,0.119426160046,t1d_alkanani
95,-0.414584548109,-0.0846612487872,t1d_alkanani
96,-0.565543168659,0.113022857367,t1d_alkanani
97,-0.63423658505,0.0714916202994,t1d_alkanani
98,-0.538214847006,-0.00295953973989,t1d_alkanani
99,-0.483344260927,-0.00663761130396,t1d_alkanani
100,-0.639441477548,0.124177195062,t1d_alkanani
101,-0.293061061511,0.15739731444,t1d_alkanani
102,-0.586494811504,0.055625461032,t1d_alkanani
103,-0.527400299107,0.128257168933,t1d_alkanani
104,-0.684729976712,0.125528563314,t1d_alkanani
105,-0.444967584005,0.0824333653816,t1d_alkanani
106,0.0539140366311,-0.311955868771,t1d_alkanani
107,-0.311602067285,-0.199326556011,t1d_alkanani
108,-0.639938682908,0.125288438124,t1d_alkanani
109,-0.177562216568,0.306560029674,t1d_alkanani
110,-0.333593048673,0.0535799551091,t1d_alkanani
111,-0.152452470953,0.506536789409,t1d_alkanani
112,-0.571742813901,0.0722896436937,t1d_alkanani
113,-0.554279671682,-0.00183631158291,t1d_alkanani
114,-0.350629296043,0.36505911187,t1d_alkanani
115,-0.535877937372,0.100673345637,t1d_alkanani
116,-0.644054325522,0.127101424028,t1d_alkanani
117,-0.30239229273,0.121808193249,t1d_alkanani
118,-0.480384474334,0.198119126241,t1d_alkanani
119,-0.592067265075,0.128490255784,t1d_alkanani
120,-0.405517111229,0.180956120578,t1d_alkanani
121,-0.522341836471,0.211008520079,t1d_alkanani
122,0.484195966006,0.339691444836,t1d_alkanani
123,-0.31741738052,-0.219328238397,t1d_alkanani
124,-0.74450578773,0.125603966413,t1d_alkanani
125,-0.508096309457,-0.0190786823254,t1d_alkanani
126,-0.418841413217,0.151397774906,t1d_alkanani
127,0.142276390677,-0.130843269113,edd_singh
128,-0.366916478793,0.0839605507235,edd_singh
129,-0.369670260659,0.152398445217,edd_singh
130,-0.353404532063,0.0719596576412,edd_singh
131,-0.412893262212,0.0776700669542,edd_singh
132,-0.312880233239,0.0953369698225,edd_singh
133,0.462339143925,0.206732466225,edd_singh
134,0.662676068304,0.198138640431,edd_singh
135,-0.397153511719,0.093381043159,edd_singh
136,-0.433080497681,0.0856496698978,edd_singh
137,-0.210851838039,0.0683781629609,edd_singh
138,-0.4389362831,-0.0460469205453,edd_singh
139,-0.347259613824,0.0712783502507,edd_singh
140,-0.24524759957,0.118166841933,edd_singh
141,-0.47274864102,0.0272521214853,edd_singh
142,-0.29953934812,0.108257633476,edd_singh
143,-0.378296108836,-0.00750825071529,edd_singh
144,-0.0807691589156,0.21593737541,edd_singh
145,-0.167787290207,0.0809068927674,edd_singh
146,-0.509630964196,0.074366028398,edd_singh
147,0.132591121447,0.433926276905,edd_singh
148,-0.317896922677,0.0261172815596,edd_singh
149,-0.193434629923,-0.0542300521535,edd_singh
150,-0.22567065206,-0.276314237922,edd_singh
151,0.0631223792016,-0.24835845553,edd_singh
152,-0.220655404546,-0.00481198834922,edd_singh
153,-0.194476424898,-0.063647839523,edd_singh
154,-0.436105155723,0.0605815636886,edd_singh
155,-0.0265666016204,-0.149259815225,edd_singh
156,-0.578523845507,0.0868997608011,edd_singh
157,-0.0661980598627,-0.034201461577,edd_singh
158,-0.28962297082,-0.0322340167057,edd_singh
159,-0.065838218414,0.0763606639149,edd_singh
160,-0.236521852229,0.032958457679,edd_singh
161,-0.185650805008,0.242314788265,edd_singh
162,-0.238502871544,0.0387074893225,edd_singh
163,-0.284094281504,0.0489435116942,edd_singh
164,-0.18406649347,0.0882655093475,edd_singh
165,-0.305480104687,-0.0685491192274,edd_singh
166,-0.165317128347,0.0502347548617,edd_singh
167,0.0946463842169,-0.180647223962,edd_singh
168,0.0697961068692,-0.0442091122487,edd_singh
169,0.305193237769,0.0855726585688,edd_singh
170,-0.197139030135,0.162726402564,edd_singh
171,-0.240237504408,0.171805370021,edd_singh
172,-0.1073946466,-0.133366675165,edd_singh
173,-0.371617609004,0.0590949847701,edd_singh
174,0.139096312798,-0.12983135672,edd_singh
175,-0.406004921701,0.0520569912523,edd_singh
176,-0.285645406681,0.0677555172639,edd_singh
177,0.0479417386216,0.0576450422416,edd_singh
178,0.175048898714,0.184162951918,edd_singh
179,-0.218234137355,0.0313223668979,edd_singh
180,-0.306661087309,0.108398323723,edd_singh
181,-0.419402835926,0.0958368213244,edd_singh
182,-0.25929525866,0.0511592322394,edd_singh
183,-0.139073311702,0.0429565621834,edd_singh
184,-0.0472558120954,0.103537928669,edd_singh
185,-0.324308028369,0.055939748132,edd_singh
186,0.0891568421633,0.0387737682368,edd_singh
187,-0.0379170043961,-0.162323069315,edd_singh
188,0.387638243393,0.135305828531,edd_singh
189,-0.366013388956,0.113392646001,edd_singh
190,0.520187977469,0.010673910526,edd_singh
191,-0.351349253314,0.0920477433409,edd_singh
192,0.0644983568678,0.201302783255,edd_singh
193,-0.0688067255176,-0.0704949070503,edd_singh
194,-0.279449634839,0.0729736723514,edd_singh
195,-0.337054351381,0.135159368804,edd_singh
196,-0.0339869176205,0.128339404275,edd_singh
197,-0.00895106716365,0.0269734178669,edd_singh
198,-0.0312180325653,0.211022468384,edd_singh
199,-0.32443719584,0.198424033963,edd_singh
200,0.0817967352888,0.146730896697,edd_singh
201,-0.106489563498,0.147227845934,edd_singh
202,0.0199435621066,-0.0637259203312,edd_singh
203,-0.0228480182996,0.063203238971,edd_singh
204,-0.263723336127,0.0575458781684,edd_singh
205,-0.0198916754561,-0.129170417774,edd_singh
206,-0.278204477522,0.121124463477,edd_singh
207,-0.287962786484,0.0215110253209,edd_singh
208,-0.0345233045671,-0.452038509011,edd_singh
209,0.179527210129,-0.358620629146,crc_chen
210,0.0511871910249,-0.457656080875,crc_chen
211,0.0274103751418,0.158733969835,crc_chen
212,0.0051873447629,-0.439286772177,crc_chen
213,0.27112221469,0.40431336429,crc_chen
214,0.102526693629,-0.31482945405,crc_chen
215,0.315856730681,0.673694519519,crc_chen
216,0.148801939941,0.0300345566296,crc_chen
217,0.124749991754,-0.197212018607,crc_chen
218,0.231104676918,0.0676867778807,crc_chen
219,0.199182494308,0.222855978725,crc_chen
220,0.225392650281,-0.599763268285,crc_chen
221,0.149654789497,-0.157145867666,crc_chen
222,0.113564564429,0.162552934542,crc_chen
223,0.0983247612553,0.0650071480582,crc_chen
224,0.358981862997,0.0739072067762,crc_chen
225,0.246421922381,0.358067314874,crc_chen
226,-0.0679371293222,-0.310799386585,crc_chen
227,0.265784829247,0.244833409949,crc_chen
228,0.209193377228,0.240270915806,crc_chen
229,0.262784891571,-0.239111477886,crc_chen
230,0.0486888993904,-0.115340007858,crc_chen
231,-0.364613715907,-0.0624615676142,asd_son
232,-0.226047070095,0.0878537636119,asd_son
233,-0.37731820211,0.25038992832,asd_son
234,-0.200390956072,0.0523281552507,asd_son
235,-0.0865664036535,0.0286826594961,asd_son
236,-0.182137467564,-0.110911849881,asd_son
237,0.659763954422,-0.405945383757,asd_son
238,-0.11167622854,-0.251818303381,asd_son
239,-0.283111255573,-0.0713240528318,asd_son
240,-0.254388784034,0.014992868107,asd_son
241,-0.152167922469,0.012864307496,asd_son
242,-0.411446566339,-0.00917200440959,asd_son
243,0.0370189952739,0.134120470223,asd_son
244,0.449816080949,-0.272062211494,asd_son
245,-0.324838463817,0.112864502349,asd_son
246,-0.384373725574,0.0948527521094,asd_son
247,-0.169813991383,0.00824505415454,asd_son
248,-0.378885249279,0.0616808604681,asd_son
249,-0.0575101668899,0.0892507211762,asd_son
250,-0.141498455104,-0.160086087845,asd_son
251,-0.548709035382,0.120202901214,asd_son
252,-0.313636986963,0.0354957229435,asd_son
253,-0.0895618446864,0.300627152188,asd_son
254,-0.655010766292,0.0786296838544,asd_son
255,-0.614810298895,0.126044184003,asd_son
256,-0.194611096453,0.21105095817,asd_son
257,0.154940770932,0.116417130723,asd_son
258,-0.156350612871,-0.0587522260107,asd_son
259,-0.265066029412,0.0773857118487,asd_son
260,0.00871057797947,-0.213725369755,asd_son
261,-0.234873029686,0.191425611277,asd_son
262,-0.303675827136,-0.067711465861,asd_son
263,-0.410245852578,0.0615827917405,asd_son
264,-0.330040405349,0.133210361909,asd_son
265,-0.429132509755,0.0761221515829,asd_son
266,-0.311546004816,0.123868340611,asd_son
267,-0.48319738502,0.0982333039767,asd_son
268,-0.342708782043,0.0754217448284,asd_son
269,-0.250724439849,0.00295056880679,asd_son
270,0.133058404723,0.00152268679745,asd_son
271,-0.170199737681,0.240281966838,asd_son
272,-0.413452991286,0.0551343959267,asd_son
273,0.0490248439884,-0.591012158953,asd_son
274,-0.059029613623,-0.240808886056,asd_son
275,0.513797485661,-0.450103375896,crc_zeller
276,0.133363214352,-0.0104373351251,crc_zeller
277,0.0760244794461,-0.030570762719,crc_zeller
278,0.166087620748,0.0348829333287,crc_zeller
279,-0.0608616429793,0.0353574101739,crc_zeller
280,0.0738009416983,-0.175031977734,crc_zeller
281,0.114053281423,-0.150953841553,crc_zeller
282,0.157964088956,0.219741954642,crc_zeller
283,0.0616247465185,0.0569918869176,crc_zeller
284,0.179554306498,-0.0252601733292,crc_zeller
285,0.285300751688,-0.0197271871355,crc_zeller
286,0.344298848081,0.227829443652,crc_zeller
287,0.149891472796,0.356104076157,crc_zeller
288,0.325980134565,-0.236056336467,crc_zeller
289,0.330966200663,0.102641090247,crc_zeller
290,0.280168507261,0.157406039909,crc_zeller
291,0.383183287209,-0.445311741093,crc_zeller
292,0.287043765084,-0.141657242788,crc_zeller
293,0.1956265637,0.100019653446,crc_zeller
294,0.302967123131,-0.146869148662,crc_zeller
295,-0.140234098058,0.191566226895,crc_zeller
296,0.136705572843,0.102540711215,crc_zeller
297,0.186519223914,-0.149896251776,crc_zeller
298,0.144425575316,-0.205454275685,crc_zeller
299,0.0496985563611,-0.228233572501,crc_zeller
300,0.1503482457,-0.192899607719,crc_zeller
301,0.123291778144,-0.0664285712066,crc_zeller
302,0.102593916089,-0.0855249083452,crc_zeller
303,0.107864425338,0.0198687550908,crc_zeller
304,0.378900781528,-0.281567383162,crc_zeller
305,0.147388923681,-0.00829087837406,crc_zeller
306,0.0800879731879,0.108748422654,crc_zeller
307,0.2607128568,-0.123926503654,crc_zeller
308,0.403809294234,0.0108712512941,crc_zeller
309,0.339276223414,-0.10258656325,crc_zeller
310,0.201019858958,-0.128916614779,crc_zeller
311,0.554160954124,0.0762891048258,crc_zeller
312,0.0947512435618,0.382373226127,crc_zeller
313,0.01731922522,-0.105997681801,crc_zeller
314,0.164219119146,-0.0750092456361,crc_zeller
315,0.221137717909,0.159684145501,crc_zeller
316,0.296377343113,0.0173960815333,crc_zeller
317,0.14784617949,-0.0649303690604,crc_zeller
318,0.159152060011,-0.172218454634,crc_zeller
319,0.138126362429,-0.182479189444,crc_zeller
320,0.151083759398,-0.236101294507,crc_zeller
321,0.405582901476,0.132765565092,crc_zeller
322,0.185812770566,0.137310122143,crc_zeller
323,0.117825242759,-0.264880479963,crc_zeller
324,0.299104191227,-0.16047636912,crc_zeller
325,0.283676834863,-0.117464730931,crc_zeller
326,-0.0426425415221,-0.0955712648437,crc_zeller
327,0.208715648895,-0.0686431912164,crc_zeller
328,0.572522375006,0.154119065333,crc_zeller
329,0.175866312181,-0.140902824317,crc_zeller
330,0.136369446831,-0.476437123205,crc_zeller
331,0.287775903777,-0.0964092443878,crc_zeller
332,0.266308500012,-0.0763043580273,crc_zeller
333,0.100608926488,-0.203890042352,crc_zeller
334,0.241101072531,-0.150398184536,crc_zeller
335,0.109367290608,-0.599528251451,crc_zeller
336,-0.0348750926023,-0.232989857348,crc_zeller
337,0.162205037606,-0.127366148767,crc_zeller
338,-0.39213582232,-0.0320407003591,crc_zeller
339,0.218829525499,-0.161554517015,crc_zeller
340,0.259811105904,-0.138429863705,crc_zeller
341,0.273313383176,-0.139497056672,crc_zeller
342,0.396180375888,-0.21966431985,crc_zeller
343,0.339518785708,-0.249167865763,crc_zeller
344,-0.0117693850825,0.0382277232741,crc_zeller
345,0.0910990001789,0.0757454209533,crc_zeller
346,0.176927944085,-0.380521125385,crc_zeller
347,0.00475706514874,-0.0810604120194,crc_zeller
348,0.374907042721,0.0434994263719,crc_zeller
349,0.393117458934,0.0527134160021,crc_zeller
350,-0.465684346584,0.00527944526609,ra_scher
351,-0.224501989168,0.214873585798,ra_scher
352,0.419743933417,0.248017980511,ra_scher
353,-0.153183615426,-0.129315648271,ra_scher
354,-0.0221714480999,-0.344382817252,ra_scher
355,-0.11511417772,0.0661420842834,ra_scher
356,-0.259603190697,0.0216293050549,ra_scher
357,-0.29623194824,0.163889304747,ra_scher
358,-0.120775027011,0.153421400631,ra_scher
359,0.673082154696,0.00373519584879,ra_scher
360,-0.624247390476,0.101838479359,ra_scher
361,-0.510798483993,0.015995635706,ra_scher
362,-0.30954484074,0.101198674655,ra_scher
363,0.306193138412,-0.23958422349,ra_scher
364,0.0251270191097,-0.47847182444,ra_scher
365,-0.573111657484,0.0980776396415,ra_scher
366,-0.379491473398,0.0990002294418,ra_scher
367,-0.560190449087,0.108015636276,ra_scher
368,-0.406751191564,-0.0812974309171,ra_scher
369,-0.587188336552,0.0841152619134,ra_scher
370,-0.40600770639,0.120728118553,ra_scher
371,0.104749759296,0.170427225673,ra_scher
372,0.342808195425,-0.595945161698,ra_scher
373,-0.578711332318,0.110573926209,ra_scher
374,-0.452006188364,0.134122254072,ra_scher
375,-0.698103740362,0.134365744821,ra_scher
376,-0.395139441649,0.0503223633242,ra_scher
377,-0.660204178499,0.091272027987,ra_scher
378,0.361014404077,-0.0591145424789,hiv_dinh
379,-0.491386378459,0.146468890321,hiv_dinh
380,-0.136077095833,0.308074190484,hiv_dinh
381,-0.474391022338,0.198962382505,hiv_dinh
382,-0.17247953005,0.247504822887,hiv_dinh
383,-0.218378780173,-0.407804059657,hiv_dinh
384,-0.316094532051,-0.289077793864,hiv_dinh
385,0.267901107135,0.140889398059,hiv_dinh
386,-0.113103100765,0.286369021877,hiv_dinh
387,0.118674364645,0.390322832917,hiv_dinh
388,-0.382581864074,0.152296545542,hiv_dinh
389,0.400722788652,0.296166004813,hiv_dinh
390,-0.614217361853,0.11905255464,hiv_dinh
391,0.219784394168,0.177300532616,hiv_dinh
392,0.212728156703,-0.415320895051,hiv_dinh
393,0.233468812939,-0.104848674577,crc_baxter
394,0.0103360820677,-0.129536063964,crc_baxter
395,0.161929635031,-0.0595267102296,crc_baxter
396,0.143319238023,-0.0983365177975,crc_baxter
397,0.156022426794,-0.0367101185243,crc_baxter
398,-0.031552109004,0.136482781654,crc_baxter
399,-0.134894516366,-0.0312196362342,crc_baxter
400,0.233839224054,0.121212282808,crc_baxter
401,-0.0379666648073,0.0152372985335,crc_baxter
402,0.156087330741,-0.131249450799,crc_baxter
403,0.227268866849,0.00409569470299,crc_baxter
404,0.162270295221,-0.0358860423,crc_baxter
405,0.0697447715926,-0.0216482313026,crc_baxter
406,0.104061673737,-0.130696430044,crc_baxter
407,0.262464133749,0.0964130737975,crc_baxter
408,0.260031336979,-0.0908200556929,crc_baxter
409,0.185086423347,-0.240107901474,crc_baxter
410,0.404205023863,0.375249351541,crc_baxter
411,0.186616659538,-0.178717333462,crc_baxter
412,0.0974777444718,-0.169926221549,crc_baxter
413,0.0231062526175,-0.0815183812978,crc_baxter
414,0.197604146805,-0.16807113874,crc_baxter
415,-0.0652539858813,-0.0725870312324,crc_baxter
416,0.323715628724,-0.280344632824,crc_baxter
417,0.167692475241,0.101417854755,crc_baxter
418,0.144109521931,-0.0733014529423,crc_baxter
419,0.284434640763,-0.402658491968,crc_baxter
420,0.0488458018887,-0.0710179750286,crc_baxter
421,0.0387785911541,-0.0324980952277,crc_baxter
422,0.112139096213,-0.0550087980025,crc_baxter
423,0.151822768946,-0.413517485688,crc_baxter
424,0.0165050134101,-0.114467951395,crc_baxter
425,-0.00777905987439,-0.02879994795,crc_baxter
426,0.370142639901,-0.187885621076,crc_baxter
427,0.328189335026,-0.180130987551,crc_baxter
428,-0.0196076705124,-0.145619435212,crc_baxter
429,0.108270500528,-0.0349418955501,crc_baxter
430,-0.182591069332,0.0275411026163,crc_baxter
431,-0.0128851999561,0.00342973291354,crc_baxter
432,0.234289727558,-0.115702730133,crc_baxter
433,0.0599577834924,-0.0385294904176,crc_baxter
434,0.367851783086,0.26984661044,crc_baxter
435,0.0189990751073,-0.0235849463264,crc_baxter
436,0.239977760369,0.179679592514,crc_baxter
437,0.105986167166,-0.632963759592,crc_baxter
438,-0.153305691534,0.150009074135,crc_baxter
439,0.100157098561,-0.011661660644,crc_baxter
440,-0.015068712998,-0.0193260600612,crc_baxter
441,0.112002149935,-0.0247961276175,crc_baxter
442,0.0324755331108,0.00519163526876,crc_baxter
443,-0.126104672907,-0.00885649849523,crc_baxter
444,0.00482315157037,-0.0296704521464,crc_baxter
445,0.216127337218,-0.229532615357,crc_baxter
446,-0.0501815120305,0.0582580517893,crc_baxter
447,0.0893442510542,-0.317557690441,crc_baxter
448,0.0706898549669,-0.018692400237,crc_baxter
449,0.0537553000077,0.00782276097564,crc_baxter
450,0.156630298935,-0.124136057506,crc_baxter
451,0.443779034486,0.325913792341,crc_baxter
452,0.000800292574704,-0.111777450814,crc_baxter
453,0.0278419476184,0.120920151619,crc_baxter
454,-0.00957121961558,0.0651757007529,crc_baxter
455,0.135538277634,-0.137288713267,crc_baxter
456,0.0786646666701,0.121734679646,crc_baxter
457,0.0830595498449,-0.00362661569601,crc_baxter
458,0.386395917564,-0.125139920784,crc_baxter
459,0.000627579594253,-0.0482756377706,crc_baxter
460,0.195773280728,-0.129996777637,crc_baxter
461,0.289269820997,-0.0998626438795,crc_baxter
462,-0.203835128157,-0.0362738438877,crc_baxter
463,0.252547943781,-0.310282361222,crc_baxter
464,0.0796379300777,-0.290426095328,crc_baxter
465,-0.0319505122235,-0.0155989109601,crc_baxter
466,0.266413407168,-0.230770644576,crc_baxter
467,-0.0752692740736,0.0553224053663,crc_baxter
468,0.457163561648,-0.215854474361,crc_baxter
469,-0.076924685195,0.00539073476358,crc_baxter
470,0.027439076292,0.203931564645,crc_baxter
471,-0.282435421579,-0.138141585525,crc_baxter
472,0.0323275519521,-0.0970129290294,crc_baxter
473,0.096911803047,0.0610139619835,crc_baxter
474,0.111616256192,-0.0621800439548,crc_baxter
475,0.0430799999073,-0.0548753442145,crc_baxter
476,0.0101787581212,0.0108613489474,crc_baxter
477,0.229831883283,-0.166806037798,crc_baxter
478,-0.302694254308,-0.013041804058,crc_baxter
479,0.278268594441,-0.256216783435,crc_baxter
480,0.0159956605701,-0.0331880005425,crc_baxter
481,0.431919789726,0.131488883679,crc_baxter
482,0.036662935937,-0.074441357587,crc_baxter
483,0.186372730308,-0.107986434529,crc_baxter
484,-0.0218536671357,-0.0309093838361,crc_baxter
485,0.161576870746,-0.152355937006,crc_baxter
486,0.0564464932715,-0.0179209441247,crc_baxter
487,-0.0521664567293,0.0947841207539,crc_baxter
488,0.28272613107,-0.347775858208,crc_baxter
489,0.0150164648259,-0.0100721279995,crc_baxter
490,0.115063586604,-0.0520406301899,crc_baxter
491,-0.069348835304,-0.0445501526497,crc_baxter
492,0.297373700027,0.154694952446,crc_baxter
493,-0.156791501759,0.134824588398,crc_baxter
494,0.156563510411,0.115518763606,crc_baxter
495,0.210900320838,0.295347326566,crc_baxter
496,0.298088945505,-0.246105198496,crc_baxter
497,0.25532512897,-0.379971468335,crc_baxter
498,0.310162605887,-0.212860270572,crc_baxter
499,0.129302471873,-0.0626517828549,crc_baxter
500,0.240845513648,-0.105285388361,crc_baxter
501,0.00119072460699,0.0351808450721,crc_baxter
502,-0.084368352616,-0.0467312652883,crc_baxter
503,0.0466778683962,-0.105076254965,crc_baxter
504,0.0192304145929,-0.0096180652108,crc_baxter
505,0.25007650072,-0.103284733681,crc_baxter
506,0.20291692942,0.308797502907,crc_baxter
507,0.200662963924,-0.230226501242,crc_baxter
508,-0.258308491955,-0.166013794348,crc_baxter
509,0.31640174956,-0.285126181353,crc_baxter
510,-0.0254387440571,-0.0950730766704,crc_baxter
511,0.320026838206,-0.037772757813,crc_baxter
512,-0.152919290468,-0.0132072381562,crc_baxter
513,0.190963536463,0.105075413072,crc_baxter
514,0.217405729,-0.0166932317413,crc_baxter
515,-0.135229448018,-0.0423038701279,crc_baxter
516,0.248988222095,-0.139817560428,crc_baxter
517,0.293091883371,-0.247902641241,crc_baxter
518,0.00377692034713,0.0823081530925,crc_baxter
519,0.0891411269023,-0.0684336975595,crc_baxter
520,0.283676034547,-0.10656474714,crc_baxter
521,0.0261695979717,-0.0532742647868,crc_baxter
522,0.153166317315,0.243193252002,crc_baxter
523,0.275479135935,0.0274262776046,crc_baxter
524,0.0563725665739,-0.0817784242008,crc_baxter
525,0.110939524356,0.0841454600444,crc_baxter
526,-0.439690780006,0.0190685720646,crc_baxter
527,-0.170798840488,-0.0197052107124,crc_baxter
528,-0.164237899723,-0.184112669442,crc_baxter
529,0.30306596887,-0.169158603757,crc_baxter
530,0.225282186548,-0.0357084422094,crc_baxter
531,-0.0486417765388,0.0621342402815,crc_baxter
532,-0.164138013585,-0.131260604853,crc_baxter
533,0.281608186805,-0.122410910742,crc_baxter
534,0.0187387595426,-0.0346970877584,crc_baxter
535,0.0944138560472,-0.188136294506,crc_baxter
536,0.184617017726,-0.171101826473,crc_baxter
537,0.119166730109,-0.245221126166,crc_baxter
538,0.0668453560629,-0.221241430668,crc_baxter
539,0.0646441971711,0.0122943149062,crc_baxter
540,-0.0908808190632,0.12272319876,crc_baxter
541,0.219839367469,0.10943739309,crc_baxter
542,-0.1495290228,-0.0905036560954,crc_baxter
543,0.00817632600783,-0.183997846178,crc_baxter
544,-0.0507876648037,0.0107007515713,crc_baxter
545,0.242895027389,-0.0146203463068,crc_baxter
546,0.103849432414,-0.0264760088597,crc_baxter
547,0.11462985902,-0.0222236078524,crc_baxter
548,0.140391667423,0.17121790633,crc_baxter
549,0.191256472857,-0.20683379544,crc_baxter
550,0.168609514138,0.153669672538,crc_baxter
551,0.234473561413,0.0474136476685,crc_baxter
552,-0.00200624986275,-0.0121916780977,crc_baxter
553,0.260558497835,-0.150609361735,crc_baxter
554,-0.0907230338523,0.138643114259,crc_baxter
555,0.286844002224,-0.384469464374,crc_baxter
556,-0.102036300218,-0.0539950691667,crc_baxter
557,0.19629305738,-0.0963594769276,crc_baxter
558,0.258819884593,-0.126684964073,crc_baxter
559,0.116527352646,0.258520759352,crc_baxter
560,0.127706506293,-0.0839623469531,crc_baxter
561,0.0672467523054,0.349606021687,crc_baxter
562,0.203213995086,-0.085240205658,crc_baxter
563,-0.0562345613469,-0.271910256783,crc_baxter
564,0.165608045778,-0.0919912765383,crc_baxter
565,0.287664293347,-0.175232782593,ob_turnbaugh
566,0.0152097230351,0.189187383536,ob_turnbaugh
567,-0.327938814282,-0.0242150238499,ob_turnbaugh
568,0.0780981810638,-0.124699539588,ob_turnbaugh
569,0.167704145736,-0.237301374452,ob_turnbaugh
570,0.00722387713188,-0.0468917266258,ob_turnbaugh
571,-0.0635437164736,-0.0765681237988,ob_turnbaugh
572,-0.0401189913347,0.0897570797084,ob_turnbaugh
573,0.098587892906,-0.235758828342,ob_turnbaugh
574,-0.109079608907,-0.0713536752592,ob_turnbaugh
575,-0.319861145717,0.0561516497992,ob_turnbaugh
576,-0.10653752013,0.00130902386144,ob_turnbaugh
577,-0.0195260609152,0.0655550203575,ob_turnbaugh
578,0.0117834509386,-0.107616036171,ob_turnbaugh
579,0.02447407533,-0.0830574554106,ob_turnbaugh
580,-0.269811576241,0.0197813080808,ob_turnbaugh
581,0.139856063228,-0.227552058277,ob_turnbaugh
582,0.237221781957,-0.165427627581,ob_turnbaugh
583,0.0455333830603,-0.0293626076222,ob_turnbaugh
584,0.0378222023745,0.0217620356499,ob_turnbaugh
585,0.036626392342,0.14676806048,ob_turnbaugh
586,-0.199931936816,0.0131670147881,ob_turnbaugh
587,-0.201919307794,-0.0470280425818,ob_turnbaugh
588,-0.1725799123,0.15104900811,ob_turnbaugh
589,-0.23298637258,0.122511680582,ob_turnbaugh
590,-0.178496037069,-0.0155592255226,ob_turnbaugh
591,-0.226292083767,0.0488536354988,ob_turnbaugh
592,0.0105105594939,-0.0464329313833,ob_turnbaugh
593,0.239965238232,0.100453296438,ob_turnbaugh
594,-0.0702767564591,-0.103424636514,ob_turnbaugh
595,0.185051369177,0.190588452034,ob_turnbaugh
596,-0.132682413556,-0.0167482984316,ob_turnbaugh
597,0.303116494876,0.149919764172,ob_turnbaugh
598,0.277849730131,-0.172035793497,ob_turnbaugh
599,-0.164200872673,0.0799891142725,ob_turnbaugh
600,0.15691420341,0.293465643498,ob_turnbaugh
601,0.107949473866,-0.0452532228554,ob_turnbaugh
602,-0.0415103002411,-0.068811223772,ob_turnbaugh
603,-0.295700763339,0.0506822575885,ob_turnbaugh
604,0.0618977140844,0.128632027526,ob_turnbaugh
605,0.000687356853097,-0.122780189073,ob_turnbaugh
606,0.00617475017625,0.221331182053,ob_turnbaugh
607,-0.0144245593971,-0.00103320525344,ob_turnbaugh
608,-0.0300855998601,-0.0290694007419,ob_turnbaugh
609,-0.061692519529,-0.0277813504138,ob_turnbaugh
610,0.0647704658269,-0.134099768806,ob_turnbaugh
611,0.0468171311239,0.144737898625,ob_turnbaugh
612,-0.31909981098,0.127117191273,ob_turnbaugh
613,-0.117362722844,0.0689545589062,ob_turnbaugh
614,-0.204200281259,-0.0420826774651,ob_turnbaugh
615,-0.108654156705,0.0753133750033,ob_turnbaugh
616,-0.0136567285798,0.219891973079,ob_turnbaugh
617,-0.230762512004,0.13990687499,ob_turnbaugh
618,-0.144899475597,-0.087382959423,ob_turnbaugh
619,-0.0584941672333,0.0403156187063,ob_turnbaugh
620,-0.170257522623,-0.182701033226,ob_turnbaugh
621,0.102894509233,0.189406945017,ob_turnbaugh
622,-0.158277315945,0.0816974034858,ob_turnbaugh
623,-0.308293600299,0.00276445432956,ob_turnbaugh
624,-0.345450497279,0.00214841867441,ob_turnbaugh
625,-0.0303363487771,0.149144831023,ob_turnbaugh
626,-0.0595861806767,-0.0126602554676,crc_zackular
627,-0.0608557455081,-0.166582403002,crc_zackular
628,-0.0863761924558,-0.0954206167164,crc_zackular
629,0.39923773978,-0.249452969556,crc_zackular
630,-0.18626721861,-0.142903921156,crc_zackular
631,-0.0992308029423,-0.0212866798569,crc_zackular
632,0.16336877581,-0.0486885005886,crc_zackular
633,-0.295701358053,0.219133089922,crc_zackular
634,-0.0772967348633,0.0216635473821,crc_zackular
635,0.0326450596773,0.044028883637,crc_zackular
636,-0.0779515636444,0.00497094342878,crc_zackular
637,0.0149021654251,0.0614237318087,crc_zackular
638,0.13134072986,0.211894334106,crc_zackular
639,0.0333538853305,-0.174539039001,crc_zackular
640,0.208281227246,-0.011159843582,crc_zackular
641,0.14853869976,0.185832536172,crc_zackular
642,0.19987143255,-0.145933675009,crc_zackular
643,0.160535330549,-0.23171820858,crc_zackular
644,-0.212316069408,-0.0520406642115,crc_zackular
645,0.14817059255,-0.101955717704,crc_zackular
646,0.189651546396,-0.0138136363511,crc_zackular
647,0.162546156685,-0.0440036227149,crc_zackular
648,-0.239153504543,-0.00192163189642,crc_zackular
649,0.18524983708,-0.172806123359,crc_zackular
650,0.134450363388,-0.1654440058,crc_zackular
651,0.186186612101,-0.110022755673,crc_zackular
652,-0.171604340864,0.108881147761,crc_zackular
653,0.225295303271,-0.260389786386,crc_zackular
654,-0.146154998865,-0.0608587537509,crc_zackular
655,-0.160961555172,-0.0362713229664,crc_zackular
656,-0.273325579707,0.025977499328,cdi_schubert
657,0.112713236972,-0.123230900046,cdi_schubert
658,0.111994346698,0.210407031628,cdi_schubert
659,-0.463290541209,0.0762120207989,cdi_schubert
660,-0.170827578368,0.055776627344,cdi_schubert
661,-0.307729078031,-0.0269500100282,cdi_schubert
662,-0.432736358373,0.0495991909128,cdi_schubert
663,-0.411354623684,0.00675032090479,cdi_schubert
664,-0.348277614199,0.129124773158,cdi_schubert
665,-0.217742360514,0.0352083060328,cdi_schubert
666,-0.246935396358,0.0353605720402,cdi_schubert
667,-0.20751513651,0.0485597136598,cdi_schubert
668,-0.127899471659,0.0396257739909,cdi_schubert
669,-0.396696219237,0.0651695227573,cdi_schubert
670,-0.487085418476,0.0439810079903,cdi_schubert
671,-0.593552327209,0.129507425955,cdi_schubert
672,0.127822465349,0.178704080174,cdi_schubert
673,-0.466695728558,0.0992400770627,cdi_schubert
674,-0.377899802074,0.0303790875016,cdi_schubert
675,-0.333964869237,0.0582780357086,cdi_schubert
676,0.0421177791972,0.050000756766,cdi_schubert
677,-0.346828967517,-0.00594717334039,cdi_schubert
678,-0.0489258193944,0.0754470986123,cdi_schubert
679,-0.396423971237,0.0734581028372,cdi_schubert
680,-0.185717887606,0.0975535941041,cdi_schubert
681,-0.457144256816,0.0652615455305,cdi_schubert
682,-0.00486699040684,0.0378011012227,cdi_schubert
683,0.228638665236,-0.0642249104853,cdi_schubert
684,-0.414827563474,0.0960534036962,cdi_schubert
685,-0.239937577153,0.146760945439,cdi_schubert
686,-0.140463106403,0.153666449754,cdi_schubert
687,0.0397149317847,-0.200732343805,cdi_schubert
688,-0.359968059258,0.0465523760616,cdi_schubert
689,-0.492501819216,0.0475241807434,cdi_schubert
690,-0.274131588937,0.0527685219644,cdi_schubert
691,-0.0717005125283,0.0259473078658,cdi_schubert
692,-0.387185676999,-0.0211539397085,cdi_schubert
693,0.238502739429,0.22993458069,cdi_schubert
694,0.146650505556,0.431996526168,cdi_schubert
695,-0.24371713008,0.0391643364801,cdi_schubert
696,-0.00632138127906,-0.19549934231,cdi_schubert
697,-0.29040574875,0.0153280649648,cdi_schubert
698,-0.526419272948,0.0930242920412,cdi_schubert
699,-0.498689984616,0.0944609854677,cdi_schubert
700,-0.0205109725816,-0.439027776312,cdi_schubert
701,-0.0843307970716,0.0478605477198,cdi_schubert
702,0.213012485484,0.0921505713521,cdi_schubert
703,-0.312077371432,0.059401331526,cdi_schubert
704,-0.00480474563169,0.0335506453867,cdi_schubert
705,-0.371874154577,0.0649294016556,cdi_schubert
706,-0.426082072143,0.102567642138,cdi_schubert
707,-0.355682867951,0.0670263574119,cdi_schubert
708,-0.465622211807,0.100733960176,cdi_schubert
709,-0.0974804932212,0.030599259927,cdi_schubert
710,-0.167951976482,0.142181198336,cdi_schubert
711,-0.261332932074,0.0625416484402,cdi_schubert
712,-0.163096818118,-0.112138855684,cdi_schubert
713,-0.107048774732,-0.00898309065087,cdi_schubert
714,-0.19077296408,0.0635116569793,cdi_schubert
715,0.348413678891,-0.347272382435,cdi_schubert
716,-0.300994578825,0.140127484227,cdi_schubert
717,-0.310737178797,0.0596408252388,cdi_schubert
718,-0.48990849905,0.0675366887273,cdi_schubert
719,-0.0956658120737,0.0408932970385,cdi_schubert
720,-0.147849685584,0.0822935471645,cdi_schubert
721,-0.333274151332,0.0740561141385,cdi_schubert
722,-0.302389626501,0.0705121977654,cdi_schubert
723,0.358851876613,-0.205717403278,cdi_schubert
724,-0.266827972323,0.14104212181,cdi_schubert
725,-0.183911787621,-0.058047704498,cdi_schubert
726,0.430658873669,-0.053672374827,cdi_schubert
727,-0.481134519351,0.0933042122662,cdi_schubert
728,-0.196857214032,0.0498508649652,cdi_schubert
729,-0.0901455356543,0.247930787088,cdi_schubert
730,0.26303081503,-0.105500337098,cdi_schubert
731,-0.396453392977,0.039593593232,cdi_schubert
732,-0.459116507825,0.113074982502,cdi_schubert
733,-0.427485598018,0.0476101934704,cdi_schubert
734,-0.236334537745,0.054762132049,cdi_schubert
735,-0.147872353096,0.0618392765406,cdi_schubert
736,0.117120334571,-0.344989030609,cdi_schubert
737,-0.222187399579,-0.0190977751765,cdi_schubert
738,-0.362413980835,0.0955131554508,cdi_schubert
739,-0.0950408268971,-0.0205690383446,cdi_schubert
740,-0.215720707801,-0.133422903362,cdi_schubert
741,-0.229967115075,0.0617493358416,cdi_schubert
742,-0.0942040630347,-0.104233320584,cdi_schubert
743,-0.305057499299,0.0567793445582,cdi_schubert
744,0.0996380946473,-0.494059209806,cdi_schubert
745,-0.173909536044,0.213280262224,cdi_schubert
746,-0.0898425100206,-0.147266324381,cdi_schubert
747,-0.431351553177,0.0689883498143,cdi_schubert
748,-0.58047280163,0.108567717714,cdi_schubert
749,-0.359208584773,0.15386888247,cdi_schubert
750,-0.300854765763,0.0576560498193,cdi_schubert
751,-0.0486566061469,0.000572053331507,cdi_schubert
752,-0.336692150542,0.0174991923273,cdi_schubert
753,-0.26152687782,0.0390410052548,cdi_schubert
754,-0.365667732489,0.031703165387,cdi_schubert
755,-0.253825261849,0.090488897855,cdi_schubert
756,-0.427946921331,0.0762326352551,cdi_schubert
757,-0.0471273787623,0.14661183003,cdi_schubert
758,-0.248495912308,0.0568045439719,cdi_schubert
759,0.190874087063,-0.36878098104,cdi_schubert
760,-0.398402065355,0.112127492636,cdi_schubert
761,-0.396713483688,0.0375195550874,cdi_schubert
762,-0.321867182426,0.0745491966358,cdi_schubert
763,-0.427188603477,0.0717317479505,cdi_schubert
764,-0.139678086889,0.148620924853,cdi_schubert
765,-0.383787522961,0.0678773331363,cdi_schubert
766,-0.340261887709,0.0440716305294,cdi_schubert
767,-0.37525719284,0.0872304434146,cdi_schubert
768,-0.296047207372,0.0552387093927,cdi_schubert
769,-0.256523817047,0.0561914944259,cdi_schubert
770,-0.121148816708,0.0459536202261,cdi_schubert
771,-0.534179992772,0.0759611105542,cdi_schubert
772,-0.106830017147,-0.348637328888,cdi_schubert
773,-0.42989770972,0.0869030035039,cdi_schubert
774,-0.166029498879,0.0459971067072,cdi_schubert
775,-0.109579342729,0.104136727961,cdi_schubert
776,0.00411923076853,-0.262703532154,cdi_schubert
777,-0.339702862687,0.0743426153739,cdi_schubert
778,-0.254471709389,0.0581175253254,cdi_schubert
779,-0.398678667004,0.1546449699,cdi_schubert
780,-0.368201727233,0.0718756364939,cdi_schubert
781,-0.399499392956,0.131124848546,cdi_schubert
782,-0.255893159187,-0.0303487500745,cdi_schubert
783,-0.234158100465,0.0742646000014,cdi_schubert
784,0.0614391042199,0.0962354241008,cdi_schubert
785,-0.483068366146,0.084233825541,cdi_schubert
786,-0.288847481406,0.0837678554005,cdi_schubert
787,0.00511688185832,0.0939797757403,cdi_schubert
788,-0.31178512935,0.066127639125,cdi_schubert
789,-0.374541761854,0.0699374031908,cdi_schubert
790,-0.579089567417,0.0916380735539,cdi_schubert
791,-0.194927929147,0.198072308423,cdi_schubert
792,-0.215297490636,0.0586778848921,cdi_schubert
793,-0.190649429816,0.0586412172739,cdi_schubert
794,-0.408963965118,0.0739864599772,cdi_schubert
795,-0.36765668944,0.0643826048002,cdi_schubert
796,-0.447617110152,0.106620687865,cdi_schubert
797,-0.408120793423,0.10128167891,cdi_schubert
798,-0.104180047326,0.135461411611,cdi_schubert
799,-0.0563245487049,0.0761287631708,cdi_schubert
800,-0.360390673983,0.0722420079043,cdi_schubert
801,-0.320339490159,-1.03426960565e-05,cdi_schubert
802,-0.209808030908,-0.0652438830882,cdi_schubert
803,-0.462225071495,0.0734252107939,cdi_schubert
804,-0.148263830008,-0.376674534868,cdi_schubert
805,-0.0784815387655,0.0443999647877,cdi_schubert
806,-0.158512870631,0.0472265092709,cdi_schubert
807,-0.263031778247,0.00320820430669,cdi_schubert
808,-0.107144542735,-0.141788026339,cdi_schubert
809,0.0149976754298,-0.129305681122,cdi_schubert
810,-0.0269819773227,-0.0506861561787,par_scheperjans
811,-0.153775830958,0.0361050446075,par_scheperjans
812,-0.0431703732205,-0.0233343751627,par_scheperjans
813,0.0473737333009,0.118456007245,par_scheperjans
814,0.0312870363027,0.112268963009,par_scheperjans
815,0.215237939488,0.170117363974,par_scheperjans
816,-0.0871364366079,-0.216995238406,par_scheperjans
817,0.0564123970842,0.134709782363,par_scheperjans
818,-0.158716033137,0.103102043272,par_scheperjans
819,0.0720837961136,-0.173363569625,par_scheperjans
820,0.0492088114979,0.0207400668554,par_scheperjans
821,0.193089110415,0.0428865212575,par_scheperjans
822,-0.0199525797563,-0.107234184946,par_scheperjans
823,0.145145741333,0.0805702777233,par_scheperjans
824,-0.0652724666915,0.0534679851761,par_scheperjans
825,0.437909032748,-0.499999444667,par_scheperjans
826,-0.414370688793,0.0694436654484,par_scheperjans
827,-0.0317751964683,0.0379965758153,par_scheperjans
828,0.0202989798902,-0.0536133531999,par_scheperjans
829,0.196102067058,-0.0176530896183,par_scheperjans
830,0.580027283892,0.204454474711,par_scheperjans
831,-0.270582934593,0.0361922811054,par_scheperjans
832,0.118615638879,0.0628613564435,par_scheperjans
833,0.327243197432,-0.275638183218,par_scheperjans
834,-0.225913505649,0.121445830465,par_scheperjans
835,-0.212949857008,0.100620139973,par_scheperjans
836,-0.101068590935,-0.0398026485541,par_scheperjans
837,0.159317032885,0.0287170569821,par_scheperjans
838,0.183861040746,0.0758003545969,par_scheperjans
839,-0.106893460209,0.0391573342566,par_scheperjans
840,-0.304234381125,0.0986587358429,par_scheperjans
841,0.589842220893,0.372103123819,par_scheperjans
842,0.211160113927,0.0990501799514,par_scheperjans
843,0.0293790114181,-0.0860589972906,par_scheperjans
844,-0.110937938559,-0.0263459201944,par_scheperjans
845,-0.113475161893,0.0461867369136,par_scheperjans
846,0.458145140633,0.165624818572,par_scheperjans
847,0.141767239795,0.0248144149323,par_scheperjans
848,-0.0410695383938,0.122134030791,par_scheperjans
849,-0.0434452428722,0.0985933143743,par_scheperjans
850,0.0943222598213,0.043505436365,par_scheperjans
851,0.239167953232,-0.0224611877831,par_scheperjans
852,0.39880787249,0.112296815561,par_scheperjans
853,0.117605873133,0.111618929201,par_scheperjans
854,-0.0494060291171,-0.0755674925273,par_scheperjans
855,0.0322737195871,-0.0348941689923,par_scheperjans
856,-0.179488887668,0.109284739806,par_scheperjans
857,0.178486053066,0.0368917025991,par_scheperjans
858,-0.00530992617333,-0.00218330412882,par_scheperjans
859,0.119279048741,0.0786206048993,par_scheperjans
860,0.359262385874,0.120633185099,par_scheperjans
861,-0.275905532216,-0.170917830607,par_scheperjans
862,-0.28296296639,0.0792033357931,par_scheperjans
863,-0.0557298748405,0.0120536492111,par_scheperjans
864,0.147755848839,0.0610275413021,par_scheperjans
865,0.192894088422,0.0277064572219,par_scheperjans
866,0.0632328280855,0.0297353056081,par_scheperjans
867,0.0671191475802,0.0222929746275,par_scheperjans
868,0.0317234818709,0.165652329254,par_scheperjans
869,0.184120224888,0.289074834914,par_scheperjans
870,0.280559415773,-0.0249177403765,par_scheperjans
871,-0.203315867412,0.0751257396448,par_scheperjans
872,0.189865480281,0.0668416857411,par_scheperjans
873,0.272378676054,0.135202011346,par_scheperjans
874,0.172440910451,0.0567868668888,par_scheperjans
875,-0.0304683871354,0.036557324624,par_scheperjans
876,0.0850265282059,0.0285557816732,par_scheperjans
877,-0.0858047550481,0.00149992380142,par_scheperjans
878,0.248786077227,0.0446740998348,par_scheperjans
879,-0.169881925286,-0.0458553928083,par_scheperjans
880,0.158096582905,0.0700115435716,par_scheperjans
881,0.0839788086429,0.127721098424,par_scheperjans
882,0.0678651500615,0.0331871596185,par_scheperjans
883,0.488725260292,-0.169609906894,par_scheperjans
884,-0.0308932212143,-0.13896439847,crc_wang
885,0.164790737402,0.20486856127,crc_wang
886,0.0618718585508,-0.412312809411,crc_wang
887,0.235856640527,0.0927662208169,crc_wang
888,0.0756713474368,-0.235669359294,crc_wang
889,-0.0588003460514,-0.170490555543,crc_wang
890,0.0836472160154,0.269017098497,crc_wang
891,0.426619780509,0.0501737121308,crc_wang
892,0.224540022647,0.291980905269,crc_wang
893,-0.115981605766,-0.0249172509547,crc_wang
894,-0.00769587858114,0.0683320798223,crc_wang
895,0.403675283852,0.125940397595,crc_wang
896,0.0263561132543,-0.389502903176,crc_wang
897,0.179777375568,-0.16337350204,crc_wang
898,0.0740365686311,-0.140461280478,crc_wang
899,0.26187036979,0.505892333962,crc_wang
900,0.251840239113,-0.158908931865,crc_wang
901,-0.141613011505,0.106291162859,crc_wang
902,-0.0444818859171,0.260748385804,crc_wang
903,0.031352757098,-0.210309643832,crc_wang
904,0.222044748344,0.201193644246,crc_wang
905,0.0354091945256,-0.190146967791,crc_wang
906,0.126976074863,-0.241649868937,crc_wang
907,-0.0249207850653,-0.125031046246,crc_wang
908,0.307989479957,0.191110983584,crc_wang
909,-0.156979134271,-0.019641489572,crc_wang
910,0.107360731419,0.1779033168,crc_wang
911,0.167216222896,-0.276451451497,crc_wang
912,-0.113570596191,-0.109293136569,crc_wang
913,0.214176178849,0.25960203672,crc_wang
914,-0.122474016844,0.210458274379,crc_wang
915,0.208131625152,-0.030484393252,crc_wang
916,-0.0343567728488,-0.184879391704,crc_wang
917,0.338192682508,0.0994569799061,crc_wang
918,0.00737315631271,0.169278874797,crc_wang
919,0.503151823236,-0.0758805272318,crc_wang
920,-0.170494875686,0.163865968681,crc_wang
921,-0.310627312011,-0.133541032445,crc_wang
922,-0.21364189536,-0.0295856172329,crc_wang
923,0.033194356596,0.149118562399,crc_wang
924,0.221033869558,-0.192412584341,crc_wang
925,-0.0208127414177,-0.281311877479,crc_wang
926,-0.0812031014776,0.400356315631,crc_wang
927,-0.449461854837,0.118775311789,crc_wang
928,0.133307655043,-0.27513134616,crc_wang
929,-0.00139339637522,0.225984588668,crc_wang
930,0.0265098580194,-0.257795646372,crc_wang
931,0.180184248341,-0.277079079748,crc_wang
932,-0.299131033045,-0.0898835794667,crc_wang
933,0.393577537314,-0.25178599757,crc_wang
934,0.0601380142168,-0.260151382523,crc_wang
935,0.148427856759,-0.504796761095,crc_wang
936,-0.0463665155607,0.300827068831,crc_wang
937,-0.146577172872,0.242267997883,crc_wang
938,0.0046173492489,-0.0629895609217,ibd_willing
939,0.169631799213,0.386630108658,ibd_willing
940,-0.312731647494,0.0661031376394,ibd_willing
941,-0.172512445015,0.0364420990112,ibd_willing
942,-0.0898043549906,0.0583889905419,ibd_willing
943,-0.296257913265,0.0455982021027,ibd_willing
944,-0.109936979364,0.0609120835,ibd_willing
945,-0.274340312533,0.0301196307022,ibd_willing
946,0.0512828268662,0.397857091606,ibd_willing
947,-0.26501652395,0.0295820769577,ibd_willing
948,0.314833279875,-0.0199424889552,ibd_willing
949,-0.393821872214,-0.0817440542789,ibd_willing
950,0.0174331828464,0.221950337695,ibd_willing
951,-0.154634202591,0.0622508670451,ibd_willing
952,0.0897224348883,0.115010356879,ibd_willing
953,-0.307811555634,0.0804857881618,ibd_willing
954,-0.251151509166,-0.0792888195127,ibd_willing
955,-0.583195788438,0.0966520698638,ibd_willing
956,-0.410662228198,-0.0467865042855,ibd_willing
957,-0.647008316767,0.131814893706,ibd_willing
958,-0.232631720527,0.0803245507942,ibd_willing
959,0.188105279846,0.0619663266722,ibd_willing
960,-0.354292133441,0.0586261324775,ibd_willing
961,-0.271781857335,0.0598583141567,ibd_willing
962,-0.480677600625,0.118683066881,ibd_willing
963,-0.0930439005483,-0.0781253705979,ibd_willing
964,-0.106720651059,0.0830549933533,ibd_willing
965,-0.485178986286,0.0715882407277,ibd_willing
966,-0.535822274412,0.0616312464065,ibd_willing
967,0.517239429419,-0.806764336135,ibd_willing
968,-0.214402442208,-0.272853281047,ibd_willing
969,-0.125623659787,0.0622573233527,ibd_willing
970,-0.11989279123,-0.00959039292562,ibd_willing
971,-0.531974733692,0.0697044303535,ibd_willing
972,-0.508413342238,0.100159345478,ibd_willing
973,-0.200154832187,0.0983881681451,ibd_morgan
974,0.0671865611073,0.092301619218,ibd_morgan
975,0.329367696535,-0.210683504077,ibd_morgan
976,-0.271352214546,0.119584529326,ibd_morgan
977,0.318542858624,-0.20163052251,ibd_morgan
978,-0.122954177546,-0.0588748205771,ibd_morgan
979,0.351737599605,-0.180642185579,ibd_morgan
980,0.0377067464165,0.11722344673,ibd_morgan
981,0.274587376106,-0.0450429653259,ibd_morgan
982,0.208954804234,-0.198670167599,ibd_morgan
983,0.202434528546,-0.287643072435,ibd_morgan
984,0.148866013055,0.0708827336252,ibd_morgan
985,0.249971627672,0.608495108482,ibd_morgan
986,0.318131284969,-0.169466795613,ibd_morgan
987,0.376744022284,0.133604447571,ibd_morgan
988,0.315590429457,-0.280284203285,ibd_morgan
989,0.188675925661,0.00921017163743,ibd_morgan
990,0.378126792827,-0.0765630399643,ibd_morgan
991,0.256517649899,-0.438836146569,ob_zupancic
992,0.158290099822,0.0278948806294,ob_zupancic
993,0.0603085127896,0.237395694832,ob_zupancic
994,-0.605604952076,0.131952056735,ob_zupancic
995,0.670388440061,-0.322909964041,ob_zupancic
996,0.500770621719,0.112695096833,ob_zupancic
997,0.614907351113,-0.303916085996,ob_zupancic
998,-0.170807022161,0.134044607879,ob_zupancic
999,0.0736046572549,-0.822846337652,ob_zupancic
1000,-0.158533689394,-0.39952147546,ob_zupancic
1001,-0.601379178433,0.0942185575805,ob_zupancic
1002,0.655120939508,0.299691148609,ob_zupancic
1003,0.612132418717,0.152272197446,ob_zupancic
1004,0.246124241202,0.289109919168,ob_zupancic
1005,0.0367246246877,-0.66086134507,ob_zupancic
1006,0.551818204764,0.153405137202,ob_zupancic
1007,-0.0249942533583,-0.303333965813,ob_zupancic
1008,0.210124662748,0.291297754163,ob_zupancic
1009,-0.312117697826,-0.0884310255053,ob_zupancic
1010,0.727855391504,0.31977317696,ob_zupancic
1011,0.614342235533,-0.399826514253,ob_zupancic
1012,-0.145842267482,-0.143775846001,ob_zupancic
1013,0.174786118965,0.313221251657,ob_zupancic
1014,0.412407974443,0.0710613437296,ob_zupancic
1015,0.630220978944,-0.292070148063,ob_zupancic
1016,0.551822114622,0.144462205024,ob_zupancic
1017,0.478122068171,0.253395153057,ob_zupancic
1018,0.0533295772673,-0.397414860664,ob_zupancic
1019,0.245324034311,0.266631505685,ob_zupancic
1020,0.379265215193,-0.404592171672,ob_zupancic
1021,-0.144405438767,0.164282592334,ob_zupancic
1022,0.066530992483,0.242419685236,ob_zupancic
1023,0.42989449401,-0.0887218021132,ob_zupancic
1024,0.897978555832,-0.255225637497,ob_zupancic
1025,0.889605657555,-0.0562037357864,ob_zupancic
1026,0.753170695969,-0.275020968357,ob_zupancic
1027,0.755759826385,0.420992320082,ob_zupancic
1028,-0.0519162143683,0.18299794228,ob_zupancic
1029,-0.343293428884,0.0169529578996,ob_zupancic
1030,-0.0453782642533,-0.150100818736,ob_zupancic
1031,0.946331235174,-0.0789110151474,ob_zupancic
1032,0.343015986354,0.304942178298,ob_zupancic
1033,0.603922357335,-0.406972247663,ob_zupancic
1034,0.67911225961,0.337059219796,ob_zupancic
1035,0.11923350871,-0.111287917034,ob_zupancic
1036,-0.294438018585,-0.00790055668845,ob_zupancic
1037,0.195978647871,0.302054333036,ob_zupancic
1038,0.60595176841,-0.233897955642,ob_zupancic
1039,0.313867804129,0.225575393197,ob_zupancic
1040,0.557082676157,0.151820919082,ob_zupancic
1041,-0.151913429,0.385172277989,ob_zupancic
1042,0.65148251347,-0.40269350744,ob_zupancic
1043,0.489889301216,-0.0116024728799,ob_zupancic
1044,-0.262494505401,0.229537014602,ob_zupancic
1045,0.0725613061423,-0.501970023233,ob_zupancic
1046,0.422196967819,0.190192134422,ob_zupancic
1047,0.622468431468,-0.4458309328,ob_zupancic
1048,-0.114970566805,-0.247200763491,ob_zupancic
1049,0.773121380104,0.393294279955,ob_zupancic
1050,-0.399688528278,-0.0845201780044,ob_zupancic
1051,0.290694579871,0.2506194975,ob_zupancic
1052,-0.0634946586172,-0.361691684707,ob_zupancic
1053,0.502101072492,-0.0540460901565,ob_zupancic
1054,0.23449572478,0.302951640292,ob_zupancic
1055,-0.0358587050671,-0.264148311941,ob_zupancic
1056,-0.0308720512808,0.189343767172,ob_zupancic
1057,0.394161696979,0.23982460749,ob_zupancic
1058,-0.0542085813423,0.183237660691,ob_zupancic
1059,0.149076984841,-0.287936067814,ob_zupancic
1060,0.228487964827,0.159042855209,ob_zupancic
1061,0.362525124865,-0.567687038978,ob_zupancic
1062,0.0151932028615,-0.39373568623,ob_zupancic
1063,0.579679697572,0.233519373139,ob_zupancic
1064,0.308314079109,0.206400158568,ob_zupancic
1065,0.608465636732,0.100607335547,ob_zupancic
1066,0.23178272519,0.154484968698,ob_zupancic
1067,-0.319877534538,-0.158604905546,ob_zupancic
1068,0.501691763679,-0.384061138668,ob_zupancic
1069,0.609498078745,-0.559247894897,ob_zupancic
1070,-0.0452569658917,0.0850900171394,ob_zupancic
1071,0.515753377456,-0.153701444441,ob_zupancic
1072,0.327465618203,-0.156623275666,ob_zupancic
1073,0.289232149352,0.1101201723,ob_zupancic
1074,-0.506385875015,0.086971449746,ob_zupancic
1075,0.211656595014,-0.228010620046,ob_zupancic
1076,0.299286620881,-0.266759774219,ob_zupancic
1077,-0.249190529999,0.321844125065,ob_zupancic
1078,0.54999429951,-0.0170239214707,ob_zupancic
1079,0.718976166332,0.109200273591,ob_zupancic
1080,0.719007312913,-0.284400020164,ob_zupancic
1081,0.222475516525,0.231462925718,ob_zupancic
1082,-0.0106256707942,-0.602889175132,ob_zupancic
1083,0.655616647707,0.152853745591,ob_zupancic
1084,-0.0107575542765,-0.216369893096,ob_zupancic
1085,0.180171197812,-0.405660627247,ob_zupancic
1086,0.018281182553,-0.428378854898,ob_zupancic
1087,0.221179623963,-0.187904074429,nash_zhu
1088,-0.0639035692274,-0.203488847748,nash_zhu
1089,0.22654338723,-0.294612569657,nash_zhu
1090,-0.0231716305106,-0.213291569278,nash_zhu
1091,-0.378411000711,0.0360956491439,nash_zhu
1092,0.217685546821,0.493220983642,nash_zhu
1093,0.0422293305064,0.134951440066,nash_zhu
1094,0.000542540777508,-0.178145704431,nash_zhu
1095,0.295849805543,0.0780302576045,nash_zhu
1096,-0.0822702036662,-0.170412137459,nash_zhu
1097,0.164327479443,-0.11244943858,nash_zhu
1098,0.0361841631604,-0.206756116004,nash_zhu
1099,-0.227074711849,0.0521679229306,nash_zhu
1100,0.286487999391,0.0735549078053,nash_zhu
1101,-0.0255198039804,0.187833459447,nash_zhu
1102,-0.298988290575,0.0319979235641,nash_zhu
1103,-0.387764313972,0.134562196816,cdi_vincent
1104,-0.249597500492,-0.0324313885407,cdi_vincent
1105,0.0219223451645,0.122092259887,cdi_vincent
1106,0.0386167579377,-0.165016960551,cdi_vincent
1107,0.17896497513,0.21510323912,cdi_vincent
1108,0.242338883383,0.0992225710496,cdi_vincent
1109,0.0100588644688,-0.231312184506,cdi_vincent
1110,0.122499115231,0.171998556563,cdi_vincent
1111,0.196756465641,0.0733226594354,cdi_vincent
1112,0.220532933174,0.224003612777,cdi_vincent
1113,0.153049697867,-0.282965425892,cdi_vincent
1114,0.260173197095,0.36958882279,cdi_vincent
1115,-0.0605824836308,0.0378130185457,cdi_vincent
1116,-0.347802246098,-0.0880266463453,cdi_vincent
1117,-0.445322345712,0.0636506604099,cdi_vincent
1118,0.528507320435,0.407423789413,cdi_vincent
1119,-0.388243047979,0.112787639063,cdi_vincent
1120,0.0224339341359,-0.196563078039,cdi_vincent
1121,-0.296476073222,-0.0235414929732,cdi_vincent
1122,0.133212453569,-0.152783460467,cdi_vincent
1123,-0.162591657329,0.0732328651041,cdi_vincent
1124,0.390355719687,-0.311037239827,cdi_vincent
1125,0.17907933011,-0.437356005193,cdi_vincent
1126,0.187485765897,-0.282798002702,cdi_vincent
1127,0.220028094807,0.182144442806,cdi_vincent
1128,-0.142470545597,0.064670907991,ob_ross
1129,-0.294938882506,-0.0270991245875,ob_ross
1130,0.0340081923441,0.099495609434,ob_ross
1131,0.108445235223,0.0489485815428,ob_ross
1132,-0.245079953999,-0.299427890388,ob_ross
1133,0.0628383785622,0.0268992526015,ob_ross
1134,-0.118314585199,0.148900848088,ob_ross
1135,0.00533856971898,0.218176636755,ob_ross
1136,0.360152558293,0.0687735225719,ob_ross
1137,0.261055998877,0.0935414246015,ob_ross
1138,0.349796144618,0.222369413592,ob_ross
1139,0.17597842067,0.288405676395,ob_ross
1140,0.0494547350382,0.156293251999,ob_ross
1141,-0.205471921367,0.0174642594034,ob_ross
1142,-0.0775391508449,-0.0114571783723,ob_ross
1143,-0.0923033838156,-0.0801579821288,ob_ross
1144,-0.218925414653,0.00709999858227,ob_ross
1145,0.653163914146,0.136516048066,ob_ross
1146,0.398346035769,0.141116205702,ob_ross
1147,0.187204970296,-0.239798494119,ob_ross
1148,-0.147343291357,-0.102790415074,ob_ross
1149,-0.0966502484505,0.0175587552781,ob_ross
1150,-0.159007501467,0.12647066029,ob_ross
1151,-0.111562384834,0.114909052635,ob_ross
1152,0.270203696506,-0.137274051522,ob_ross
1153,-0.118722849329,-0.00307231005247,ob_ross
1154,0.223190035933,-0.450105635799,ob_goodrich
1155,0.210074847094,-0.117425176108,ob_goodrich
1156,0.106884522605,0.0461186565213,ob_goodrich
1157,0.281243947348,-0.0579803782522,ob_goodrich
1158,0.269370090305,0.0289306749812,ob_goodrich
1159,0.181691163746,0.0475479977663,ob_goodrich
1160,0.242372852362,-0.142446913624,ob_goodrich
1161,0.232590627533,0.024980513215,ob_goodrich
1162,0.0496816292984,-0.0069706691626,ob_goodrich
1163,-0.0723927093005,0.00937854525622,ob_goodrich
1164,-0.0248206766349,-0.172656410517,ob_goodrich
1165,0.162342027268,0.0871126037631,ob_goodrich
1166,0.19832704347,-0.00867709107929,ob_goodrich
1167,0.140102008205,-0.0533521224382,ob_goodrich
1168,0.282380973387,0.230431684107,ob_goodrich
1169,0.083259016585,0.138774509237,ob_goodrich
1170,0.124526086467,0.00484170911314,ob_goodrich
1171,0.097597729051,0.0190194965886,ob_goodrich
1172,-0.0207134734716,-0.0158084144079,ob_goodrich
1173,0.111725195999,-0.0134528741344,ob_goodrich
1174,0.27975856723,-0.245337485679,ob_goodrich
1175,0.199692192449,-0.136830696031,ob_goodrich
1176,0.193140975661,0.0446541554229,ob_goodrich
1177,0.122843640874,0.0171747467067,ob_goodrich
1178,-0.00176378545194,0.0155328173565,ob_goodrich
1179,0.215870024571,-0.0781927735552,ob_goodrich
1180,0.227647008884,0.0126178771128,ob_goodrich
1181,-0.106865199525,0.000378425346082,ob_goodrich
1182,-0.0967162617955,0.0283179613468,ob_goodrich
1183,0.086827740043,-0.0481147763316,ob_goodrich
1184,0.00278531080415,0.0242959828704,ob_goodrich
1185,0.16564953977,-0.0173646415833,ob_goodrich
1186,0.0428443214821,-0.0503149821426,ob_goodrich
1187,-0.0143350484669,0.0170837944225,ob_goodrich
1188,0.05074156527,-0.0190114452538,ob_goodrich
1189,0.201093231617,0.0220651951278,ob_goodrich
1190,0.14871592337,-0.0435744800462,ob_goodrich
1191,0.129991742127,0.199887044392,ob_goodrich
1192,0.226450637737,-0.0639514601057,ob_goodrich
1193,0.239608656116,-0.0794182262288,ob_goodrich
1194,-0.342157536619,-0.0194453810784,ob_goodrich
1195,0.0155122733401,-0.0370709595463,ob_goodrich
1196,-0.103494100461,-0.0416696008438,ob_goodrich
1197,0.0492307403627,-0.00955370764436,ob_goodrich
1198,0.17179227672,0.00231467960755,ob_goodrich
1199,0.179254975506,-0.0744116251868,ob_goodrich
1200,0.208274937142,-0.0982470915983,ob_goodrich
1201,0.003218050055,0.0158800151878,ob_goodrich
1202,-0.123246428824,0.0408179116619,ob_goodrich
1203,-0.0407061002905,-0.230417904136,ob_goodrich
1204,-0.101363185875,0.0170604572493,ob_goodrich
1205,0.227631590318,0.422013563413,ob_goodrich
1206,-0.0605654926808,0.0609558055189,ob_goodrich
1207,0.237071322114,-0.221795921055,ob_goodrich
1208,0.107075305037,0.0285584272031,ob_goodrich
1209,0.136202498014,0.0185996596445,ob_goodrich
1210,0.303562904694,0.19777409509,ob_goodrich
1211,-0.117950520775,-0.0242212288651,ob_goodrich
1212,-0.310201967891,0.052530417233,ob_goodrich
1213,-0.108162298424,0.0515123371985,ob_goodrich
1214,0.012007626559,-0.0113351857776,ob_goodrich
1215,-0.0682121991616,0.0198497007151,ob_goodrich
1216,0.113001560366,0.100077787806,ob_goodrich
1217,0.00229880816906,-0.0666405124496,ob_goodrich
1218,0.499732786267,-0.143530928512,ob_goodrich
1219,0.103803625096,-0.310550414335,ob_goodrich
1220,0.159758422181,-0.0443621888763,ob_goodrich
1221,0.124329028229,-0.0396615198688,ob_goodrich
1222,0.0847986780688,-0.230640542361,ob_goodrich
1223,0.0788671490876,-0.342338948135,ob_goodrich
1224,0.18569153651,-0.324580942826,ob_goodrich
1225,-0.071288167986,-0.0171939448664,ob_goodrich
1226,0.184916812969,-0.00326904710136,ob_goodrich
1227,0.141939910117,-0.0013868624447,ob_goodrich
1228,-0.195144749375,0.0406002498847,ob_goodrich
1229,-0.0342938319935,-0.0332784835219,ob_goodrich
1230,-0.0196961692286,0.0183995355275,ob_goodrich
1231,-0.00338849802343,-0.376387405864,ob_goodrich
1232,-0.0890043248292,0.0611674207344,ob_goodrich
1233,0.21342610465,-0.11163357602,ob_goodrich
1234,0.02088167663,0.0999594378766,ob_goodrich
1235,0.0298759022648,-0.0209248912928,ob_goodrich
1236,0.0170112671224,-0.0867251397063,ob_goodrich
1237,0.0734072030102,-0.0336424625967,ob_goodrich
1238,0.193841363451,0.035694975878,ob_goodrich
1239,0.118494992717,0.0215518239117,ob_goodrich
1240,0.131606135508,-0.0635923031737,ob_goodrich
1241,-0.127944769587,-0.225518436513,ob_goodrich
1242,0.276626579967,0.359265651844,ob_goodrich
1243,0.23756819415,0.0811442815613,ob_goodrich
1244,0.230341008802,0.0272632065712,ob_goodrich
1245,0.119394484725,0.0196939704219,ob_goodrich
1246,-0.0273182112646,0.0575930810893,ob_goodrich
1247,0.231187513922,0.0458296823291,ob_goodrich
1248,-0.152484920675,0.018352526035,ob_goodrich
1249,-0.147462741993,-0.122600070487,ob_goodrich
1250,-0.187230319495,0.00203733648399,ob_goodrich
1251,0.222933926593,0.0682156181131,ob_goodrich
1252,-0.0493959803254,-0.156194586237,ob_goodrich
1253,-0.0274098601216,-0.0493546339709,ob_goodrich
1254,0.109673502867,-0.0979479406924,ob_goodrich
1255,0.203339728141,-0.00153697599031,ob_goodrich
1256,-0.0104575558355,0.0287616487021,ob_goodrich
1257,0.0511561487031,-0.173673219211,ob_goodrich
1258,0.057582383364,-0.173862015521,ob_goodrich
1259,0.363399075548,-0.032527585972,ob_goodrich
1260,-0.268358245079,0.0447727770553,ob_goodrich
1261,-0.162068904265,0.0445017857584,ob_goodrich
1262,0.232023243665,-0.133049400347,ob_goodrich
1263,-0.0360531548587,0.0210226074801,ob_goodrich
1264,0.186594206465,0.00640205266281,ob_goodrich
1265,-0.0457443851147,0.0326021661638,ob_goodrich
1266,-0.00727459800172,0.0225605562302,ob_goodrich
1267,-0.0179720647209,0.0215577341009,ob_goodrich
1268,0.0625268554692,0.0153544183905,ob_goodrich
1269,-0.0391643897148,0.0390989554968,ob_goodrich
1270,0.246110948258,-0.204626381241,ob_goodrich
1271,0.204518033247,-0.318666219996,ob_goodrich
1272,-0.155196371657,0.0252338955568,ob_goodrich
1273,-0.231149312153,-0.00153301093217,ob_goodrich
1274,0.0634204377011,-0.0206758786834,ob_goodrich
1275,-0.00757280419094,-0.317403121126,ob_goodrich
1276,0.253255635703,0.0479216032136,ob_goodrich
1277,0.167300784027,-0.014837616681,ob_goodrich
1278,-0.355345435469,0.0538936201407,ob_goodrich
1279,0.0831873320395,0.0790927332125,ob_goodrich
1280,0.317299041331,-0.174377356405,ob_goodrich
1281,0.0350160295883,-0.00794830747293,ob_goodrich
1282,-0.0206517585734,0.010139170273,ob_goodrich
1283,0.059116652255,-0.0903546997433,ob_goodrich
1284,0.223124384436,0.0370784372307,ob_goodrich
1285,0.00625869589303,-0.0815493810793,ob_goodrich
1286,0.266259736834,0.122830222043,ob_goodrich
1287,0.21258650453,-0.0358378205218,ob_goodrich
1288,0.0135902258233,-0.0626307316465,ob_goodrich
1289,-0.0267425751592,0.00625167484413,ob_goodrich
1290,-0.446439723407,0.0755842556671,ob_goodrich
1291,0.156822366908,-0.00655391642479,ob_goodrich
1292,0.169829364348,-0.0359643484527,ob_goodrich
1293,0.215357904161,-0.0518070934757,ob_goodrich
1294,0.128076163739,-0.0712675985278,ob_goodrich
1295,0.148985528037,-0.00612002028678,ob_goodrich
1296,-0.16886820229,0.029333755843,ob_goodrich
1297,0.144802500154,-0.0952995646576,ob_goodrich
1298,-0.100486705931,-0.165389030432,ob_goodrich
1299,0.210756851308,0.0074673929404,ob_goodrich
1300,0.195072397253,0.0217866465082,ob_goodrich
1301,0.0677987689468,-0.00516907057065,ob_goodrich
1302,0.236464130541,-0.0303210652,ob_goodrich
1303,-0.173040819399,-0.0414534235119,ob_goodrich
1304,0.194243719896,0.028030605034,ob_goodrich
1305,-0.0806138280411,0.161789546958,ob_goodrich
1306,0.11156130689,-0.0314502085542,ob_goodrich
1307,0.235867160851,-0.0688983336667,ob_goodrich
1308,0.146230315345,0.0474705140322,ob_goodrich
1309,0.162060309583,-0.0452864002914,ob_goodrich
1310,0.254628415801,-0.0270901822721,ob_goodrich
1311,0.208466670188,-0.0533045747521,ob_goodrich
1312,-0.184997992287,0.0243589695814,ob_goodrich
1313,0.153944589205,0.181254184785,ob_goodrich
1314,0.237955376234,-0.0710012213788,ob_goodrich
1315,0.0798322113152,-0.0272246696798,ob_goodrich
1316,0.183603559502,0.0157870147105,ob_goodrich
1317,0.192769623826,-0.0706820821357,ob_goodrich
1318,0.0550811681134,-0.0830086065515,ob_goodrich
1319,-0.10269865944,0.0274441434836,ob_goodrich
1320,-0.282215661563,0.0107722127395,ob_goodrich
1321,0.0576647933224,0.0501629964297,ob_goodrich
1322,0.102151574662,-0.082361127952,ob_goodrich
1323,0.114187689344,0.00867688939888,ob_goodrich
1324,-0.100163588006,-0.0840404925107,ob_goodrich
1325,0.110430937516,0.0507115744599,ob_goodrich
1326,0.119219993408,-0.00618967888175,ob_goodrich
1327,0.160169952208,-0.0178295350951,ob_goodrich
1328,0.0547113399743,0.000434285076159,ob_goodrich
1329,0.0331562181511,0.241931737995,ob_goodrich
1330,0.0943806562758,-0.0729724084965,ob_goodrich
1331,0.214639066684,-0.144124908893,ob_goodrich
1332,0.229348546478,-0.00481512981464,ob_goodrich
1333,0.0922506851395,-0.00297088699341,ob_goodrich
1334,0.0784005214558,-0.00466716276843,ob_goodrich
1335,0.168724986598,-0.158879451722,ob_goodrich
1336,0.0600868125343,0.00259976407815,ob_goodrich
1337,-0.0464617119216,0.265639817482,ob_goodrich
1338,-0.0955183459268,0.0757716025572,ob_goodrich
1339,0.14895708494,0.0247196713363,ob_goodrich
1340,-0.455530068274,0.041397629429,ob_goodrich
1341,-0.317630842412,-0.0138895320914,ob_goodrich
1342,0.16405136591,0.00972450033405,ob_goodrich
1343,0.191872741464,0.0556994773056,ob_goodrich
1344,-0.0363676874784,0.0949189269283,ob_goodrich
1345,0.0903743040976,-0.0430995553638,ob_goodrich
1346,0.230583064481,-0.0746895162012,ob_goodrich
1347,0.0195847700082,0.0258923778472,ob_goodrich
1348,0.0850692222231,0.0216131581639,ob_goodrich
1349,-0.0473460507899,0.0325490388646,ob_goodrich
1350,0.0906987439401,0.0613072891154,ob_goodrich
1351,0.234672233972,0.129227288621,ob_goodrich
1352,0.0685342829463,-0.0974784609032,ob_goodrich
1353,0.211050701705,0.019494327545,ob_goodrich
1354,0.0923877102648,-0.113629019164,ob_goodrich
1355,0.0168919539248,0.0955286064415,ob_goodrich
1356,0.301054994053,-0.165530290444,ob_goodrich
1357,0.116622247179,0.40801997724,ob_goodrich
1358,0.122741785172,0.0073553187901,ob_goodrich
1359,0.281835440496,-0.196019128191,ob_goodrich
1360,-0.00883593811497,0.0412578960654,ob_goodrich
1361,0.255367284847,-0.314815222759,ob_goodrich
1362,0.227545597522,-0.0171664160484,ob_goodrich
1363,0.17517276571,-0.0690348054018,ob_goodrich
1364,-0.216805551111,0.0162280843662,ob_goodrich
1365,-0.0502655369122,0.0291487225869,ob_goodrich
1366,0.24530698661,0.0357771881288,ob_goodrich
1367,-0.120615515032,0.0999196734751,ob_goodrich
1368,0.0910325129362,-0.0297628826326,ob_goodrich
1369,0.238130512385,0.0265618306022,ob_goodrich
1370,-0.0674758575207,-0.010955041255,ob_goodrich
1371,0.177937658985,0.00577906032578,ob_goodrich
1372,0.0942446860187,0.000897662555123,ob_goodrich
1373,-0.292665397835,-0.0481450520316,ob_goodrich
1374,-0.293381554096,0.0438520704703,ob_goodrich
1375,-0.182380828434,-0.11513171038,ob_goodrich
1376,-0.181100959571,-0.00251902683292,ob_goodrich
1377,0.305089319367,-0.0402065740456,ob_goodrich
1378,0.245747738629,0.0709942134987,ob_goodrich
1379,0.720320948941,-0.0441168324397,ob_goodrich
1380,0.101264095764,-0.0164729156922,ob_goodrich
1381,0.219119330016,0.219548231431,ob_goodrich
1382,0.188506199532,0.0230263273884,ob_goodrich
1383,0.129636393574,-0.0740140388034,ob_goodrich
1384,0.125479889217,0.0267445239616,ob_goodrich
1385,0.15212854509,-0.0765761925367,ob_goodrich
1386,0.156701605264,0.0159899036371,ob_goodrich
1387,0.0624038780443,0.0137036343063,ob_goodrich
1388,-0.278057997068,0.0601206898179,ob_goodrich
1389,0.178045337606,-0.121822573496,ob_goodrich
1390,0.521282222838,0.0788517546752,ob_goodrich
1391,0.142090115742,-0.141637655508,ob_goodrich
1392,0.0468969745678,-0.0846895978447,ob_goodrich
1393,0.216362068253,0.0236603475413,ob_goodrich
1394,0.297398580875,0.840010882326,ob_goodrich
1395,-0.443054879975,0.0388148515206,ob_goodrich
1396,-0.0026110037297,-0.00467579353243,ob_goodrich
1397,0.101163080157,-0.11164106249,ob_goodrich
1398,0.0593275971546,0.0442808763127,ob_goodrich
1399,0.246440707861,0.0211002163576,ob_goodrich
1400,-0.459426612598,0.0718670756284,ob_goodrich
1401,0.165174933974,-0.103091019348,ob_goodrich
1402,-0.502487255012,0.06580121472,ob_goodrich
1403,-0.653749298715,0.0974549234461,ob_goodrich
1404,0.0947628856717,-0.0608535126159,ob_goodrich
1405,0.00180416712871,0.00713659347977,ob_goodrich
1406,-0.18253321594,0.0257566478519,ob_goodrich
1407,0.272300769869,0.0488869427704,ob_goodrich
1408,0.233688912038,-0.0878861020915,ob_goodrich
1409,0.19931400543,-0.026522036141,ob_goodrich
1410,0.170456047339,-0.101392621364,ob_goodrich
1411,0.134117053602,0.0630286069812,ob_goodrich
1412,0.142040500527,-0.0973262729026,ob_goodrich
1413,0.0712802491362,-0.0145218612424,ob_goodrich
1414,0.216065288878,-0.102636116225,ob_goodrich
1415,0.0419749892683,0.227408187787,ob_goodrich
1416,0.0506040230662,0.0341215355138,ob_goodrich
1417,0.15691939954,-0.323982833605,ob_goodrich
1418,0.146167097724,0.0904025471812,ob_goodrich
1419,0.118462688027,0.00978636358801,ob_goodrich
1420,0.0508999522182,0.0287620853064,ob_goodrich
1421,0.0151805419621,0.0392504394403,ob_goodrich
1422,0.0526181422051,0.00863181830352,ob_goodrich
1423,0.255794246085,-0.0367278670886,ob_goodrich
1424,-0.228310851465,0.103105099762,ob_goodrich
1425,0.22820519015,0.0281611063408,ob_goodrich
1426,0.189580721637,-0.0214686394288,ob_goodrich
1427,0.205711169875,0.013147343521,ob_goodrich
1428,0.146339521967,0.0700325804018,ob_goodrich
1429,0.18535923598,-0.041291061102,ob_goodrich
1430,0.113941170988,-0.196984938412,ob_goodrich
1431,0.224045476994,-0.0691398786961,ob_goodrich
1432,0.166814890345,-0.00308744202236,ob_goodrich
1433,-0.239099774357,-0.0833948847319,ob_goodrich
1434,0.238006469028,-0.0806034247431,ob_goodrich
1435,-0.27414953661,0.0825739047946,ob_goodrich
1436,0.201550638447,-0.0188411198609,ob_goodrich
1437,-0.229831246069,0.0487670564247,ob_goodrich
1438,-0.197022330309,0.0792141119965,ob_goodrich
1439,-0.0618213814202,0.0982170012758,ob_goodrich
1440,0.209104245106,0.0410118638918,ob_goodrich
1441,-0.181707227843,0.0318722063031,ob_goodrich
1442,0.250531810055,-0.160582921761,ob_goodrich
1443,0.127160413035,-0.111722093078,ob_goodrich
1444,0.156033216875,0.0296808106004,ob_goodrich
1445,0.00759989831738,0.040195320975,ob_goodrich
1446,0.282460271557,0.129525679528,ob_goodrich
1447,0.0690103381929,-0.0554035117937,ob_goodrich
1448,-0.16998182445,-0.135570393229,ob_goodrich
1449,-0.0991337210755,-0.133364194128,ob_goodrich
1450,0.0502677646283,-0.0585411002517,ob_goodrich
1451,0.00355741206683,0.000373508767414,ob_goodrich
1452,0.0320666500116,-0.541435695465,ob_goodrich
1453,0.091463338709,0.136483591576,ob_goodrich
1454,0.0963961111981,-0.279866524047,ob_goodrich
1455,0.214227991602,0.0956956595483,ob_goodrich
1456,-0.12701303957,0.053896402704,ob_goodrich
1457,0.189360708799,0.0329916294958,ob_goodrich
1458,0.125724145049,0.100606354511,ob_goodrich
1459,-0.0130191278618,0.1286195297,ob_goodrich
1460,0.19359589814,0.0314344623921,ob_goodrich
1461,0.144930935351,0.0104410785168,ob_goodrich
1462,0.196095792481,0.039403961235,ob_goodrich
1463,0.0137574054193,-0.0291578808407,ob_goodrich
1464,0.142753690103,-0.0388288425675,ob_goodrich
1465,0.062818358335,0.177470382952,ob_goodrich
1466,0.121845069711,0.24213750624,ob_goodrich
1467,-0.132254434981,0.0333258961295,ob_goodrich
1468,0.146183282685,0.00683969624941,ob_goodrich
1469,0.272927588157,-0.0259562290809,ob_goodrich
1470,-0.0461985282636,0.0237202696261,ob_goodrich
1471,0.00795336532006,0.0666481890924,ob_goodrich
1472,0.0761013900277,0.109397516228,ob_goodrich
1473,0.171901130505,0.0136957668042,ob_goodrich
1474,0.047059896399,0.02526530809,ob_goodrich
1475,0.237172896431,0.339099336271,ob_goodrich
1476,0.138584897867,0.0865788908711,ob_goodrich
1477,0.0972023056113,0.106610535093,ob_goodrich
1478,0.160269036073,0.000669440643449,ob_goodrich
1479,0.235583114786,-0.0938812297107,ob_goodrich
1480,0.1896604177,0.0128887825747,ob_goodrich
1481,0.208085479021,-0.0601263714465,ob_goodrich
1482,0.182558670671,0.0516054477757,ob_goodrich
1483,0.146030316557,-0.148161208818,ob_goodrich
1484,-0.541671753832,0.0996138895521,ob_goodrich
1485,0.139336486177,-0.0129949331688,ob_goodrich
1486,-0.28138012998,-0.0620303927002,ob_goodrich
1487,0.21759389275,0.0601696737233,ob_goodrich
1488,-0.236200467081,-0.0625613957694,ob_goodrich
1489,0.195955482575,0.0795827769597,ob_goodrich
1490,0.216914444604,0.00158934919514,ob_goodrich
1491,0.224682849333,0.0300830261196,ob_goodrich
1492,0.0682262548026,0.00748773605009,ob_goodrich
1493,0.139379575499,0.11461825013,ob_goodrich
1494,0.120589708884,-0.119915884398,ob_goodrich
1495,0.150386580805,0.0647149153913,ob_goodrich
1496,0.233333297678,0.00411045732452,ob_goodrich
1497,0.200958614078,-0.0450934872896,ob_goodrich
1498,0.271250725241,-0.0202743546991,ob_goodrich
1499,-0.250795594294,0.0678630161168,ob_goodrich
1500,0.218612342873,0.00680401377288,ob_goodrich
1501,0.196081521759,-0.0480766593127,ob_goodrich
1502,-0.164970205166,0.0387724872618,ob_goodrich
1503,0.366317210566,0.107135986415,ob_goodrich
1504,0.189174841348,0.146059808231,ob_goodrich
1505,-0.249400695827,0.0865746973515,ob_goodrich
1506,0.24088246791,-0.010877235733,ob_goodrich
1507,0.193192864251,-0.00487984433494,ob_goodrich
1508,0.184592183378,0.122539020593,ob_goodrich
1509,-0.145540899521,0.0343376919897,ob_goodrich
1510,-0.477396217507,0.0483790876962,ob_goodrich
1511,0.139410684008,0.0391989345655,ob_goodrich
1512,0.593466606697,-0.322614260574,ob_goodrich
1513,-0.0733217421916,-0.0873412345191,ob_goodrich
1514,0.243041389474,0.0548856642782,ob_goodrich
1515,0.218367779849,-0.00313802831698,ob_goodrich
1516,-0.215065114184,0.0250836970948,ob_goodrich
1517,-0.220757796019,0.0402584469188,ob_goodrich
1518,0.173082864514,0.022281262182,ob_goodrich
1519,-0.371760147689,0.0250163345524,ob_goodrich
1520,-0.19930375884,0.0184836942641,ob_goodrich
1521,0.0575427464322,-0.0269143368351,ob_goodrich
1522,0.243271046038,-0.192240948037,ob_goodrich
1523,0.132845162432,0.0334163046156,ob_goodrich
1524,0.188623500656,-0.203454813976,ob_goodrich
1525,0.28974481242,0.239246999966,ob_goodrich
1526,0.0357502945466,-0.0524287667642,ob_goodrich
1527,0.110839698563,0.12544659517,ob_goodrich
1528,0.115181832698,0.00833590508011,ob_goodrich
1529,-0.0302197955285,-0.56903711883,ob_goodrich
1530,-0.240954375529,0.0550092515808,ob_goodrich
1531,0.0460317865479,-0.1007427686,ob_goodrich
1532,-0.111189622399,-0.0851042191919,ob_goodrich
1533,0.186089539134,-0.0163838756875,ob_goodrich
1534,0.0306024058272,0.0317199086702,ob_goodrich
1535,-0.259218806436,0.0899922582731,ob_goodrich
1536,-0.117680642044,0.0296969748077,ob_goodrich
1537,0.122565955084,-0.0754632322,ob_goodrich
1538,0.075707245875,0.0254815612067,ob_goodrich
1539,0.270490745169,1.55380340274e-05,ob_goodrich
1540,-0.000433658684747,0.0213427385984,ob_goodrich
1541,0.201936975146,0.0142773691618,ob_goodrich
1542,-0.0485030220119,0.0342233744943,ob_goodrich
1543,0.0261283231466,-0.306937423853,ob_goodrich
1544,-0.335373259939,0.0848660024617,ob_goodrich
1545,0.0572350966886,-0.0413645612068,ob_goodrich
1546,-0.0686613827335,0.00920954531638,ob_goodrich
1547,0.051889958207,-0.212945276756,ob_goodrich
1548,-0.101796635294,-0.0479292369988,ob_goodrich
1549,0.134791981545,-0.0335762219396,ob_goodrich
1550,0.20664402957,0.224487294622,ob_goodrich
1551,0.081470183778,0.0618731839895,ob_goodrich
1552,0.179963452485,-0.0108077106122,ob_goodrich
1553,-0.48562749768,0.0903379175812,ob_goodrich
1554,0.131831254335,0.0858013096051,ob_goodrich
1555,0.11908751846,-0.106669892744,ob_goodrich
1556,0.242633682776,0.0176828385448,ob_goodrich
1557,0.167947920476,0.0108999520082,ob_goodrich
1558,0.0436589364218,0.00579989075509,ob_goodrich
1559,-0.134973687227,0.0419879739351,ob_goodrich
1560,0.225695220781,-0.0436967301411,ob_goodrich
1561,0.0333836884066,0.0286396723159,ob_goodrich
1562,0.150567552044,0.0981126036903,ob_goodrich
1563,-0.00864345317008,0.00697229217807,ob_goodrich
1564,-0.0697370105231,-0.259310012987,ob_goodrich
1565,0.101484964734,0.0600347817201,ob_goodrich
1566,0.160996101951,-0.0323399978782,ob_goodrich
1567,0.0836338242259,0.00846286990203,ob_goodrich
1568,0.240350744862,-0.0773481758466,ob_goodrich
1569,-0.20918829606,0.00366894804124,ob_goodrich
1570,0.138661910404,-0.0142692942093,ob_goodrich
1571,0.0601594481453,0.0270711383891,ob_goodrich
1572,0.076664246705,0.0433110165126,ob_goodrich
1573,0.0900058789125,-0.0189261439007,ob_goodrich
1574,0.234808275231,-0.0407223875229,ob_goodrich
1575,-0.0369576770662,0.0898829678456,ob_goodrich
1576,-0.179618466806,0.123502190704,ob_goodrich
1577,0.142536887937,0.0248858196885,ob_goodrich
1578,0.0577774076133,-0.0637040063566,ob_goodrich
1579,0.165536731564,-0.087965162785,ob_goodrich
1580,0.0717700518466,0.176637706961,ob_goodrich
1581,-0.0336993400891,0.00165641145576,ob_goodrich
1582,0.496390360266,-0.028751296053,asd_kang
1583,0.19946811754,-0.269097117762,asd_kang
1584,-0.0923770393472,0.170847449359,asd_kang
1585,0.290102612522,0.161436885502,asd_kang
1586,0.26973447775,-0.0443919637421,asd_kang
1587,0.16168840593,-0.379760847419,asd_kang
1588,0.249565492899,0.536620931371,asd_kang
1589,0.127257912901,-0.461940672081,asd_kang
1590,0.309868561553,0.520729102169,asd_kang
1591,0.310079731237,0.289780469743,asd_kang
1592,0.303081065933,0.46771539092,asd_kang
1593,-0.136990254874,0.0525048288204,asd_kang
1594,-0.193877625099,-0.229572934028,asd_kang
1595,0.268370833434,0.680364228583,asd_kang
1596,0.126030093856,-0.602454282081,asd_kang
1597,0.0800106279778,-0.333154261767,asd_kang
1598,0.241377609476,0.385332530118,asd_kang
1599,0.111184977874,-0.532655341473,asd_kang
1600,0.173174884471,-0.507730411251,asd_kang
1601,0.275883222215,0.303957467952,asd_kang
1602,-0.16707129083,0.454295484092,nash_wong
1603,-0.632855724767,0.0543039767056,nash_wong
1604,-0.618070836815,0.0868911659452,nash_wong
1605,-0.39522269552,0.188642216016,nash_wong
1606,-0.44763868224,0.237039380506,nash_wong
1607,-0.415692892038,0.0501380614035,nash_wong
1608,-0.648378556832,0.0865203369969,nash_wong
1609,-0.67160616692,0.0668068678029,nash_wong
1610,0.756486815109,-0.310584715681,nash_wong
1611,-0.745544886567,0.0802365077637,nash_wong
1612,-0.498960284946,0.116775189506,nash_wong
1613,-0.608586453344,0.149582035353,nash_wong
1614,-0.60541451738,0.0451387335598,nash_wong
1615,-0.629171438338,0.0850086667113,nash_wong
1616,-0.619096849115,0.0876555668869,nash_wong
1617,-0.529180795101,-0.0167822350909,nash_wong
1618,-0.323200000156,0.161469072613,nash_wong
1619,-0.675241613155,0.143369475316,nash_wong
1620,-0.726795726767,0.100456529925,nash_wong
1621,-0.763052185263,0.100545287973,nash_wong
1622,-0.568595306548,0.145127546182,nash_wong
1623,-0.743107832003,0.110157688384,nash_wong
